{"_runtime":159.234903696,"_step":3,"train_loss":0.5401452629957539,"val_loss":0.5606350297734509,"val_acc":0.7073039742212675,"_wandb":{"runtime":159},"train_acc":0.7508549096238397,"_timestamp":1.7366819569529696e+09}