{"train_loss":0.5605107836305192,"train_acc":0.7269174401563263,"_timestamp":1.7366838749300556e+09,"_runtime":143.589825787,"_step":3,"val_loss":0.49972869852651813,"val_acc":0.7701396348012889,"_wandb":{"runtime":143}}