{"_timestamp":1.7364436492784493e+09,"_runtime":156.663860965,"_step":3,"train_loss":0.5473048778557463,"val_loss":1.0755580488580383,"val_acc":0.6288936627282492,"_wandb":{"runtime":156},"train_acc":0.7528089887640449}